# Codepoint	Character	Name	SVG file	CSS class
U+A5EA	Íó™	1C	1C.svg	_1c-icon
U+EA28	Ó®®	1C, Alt	1C-Alt.svg	_1c-alt-icon
U+E9E8	Óß®	3D Model	3D-Model.svg	model-icon
U+E900	Ó§Ä	3DS Max	3DS-Max.svg	maxscript-icon
U+EB73	Ó≠≥	4D	4D.svg	_4d-icon
U+EB79	Ó≠π	A+	A+.svg	a-plus-icon
U+E92B	Ó§´	ABAP	ABAP.svg	abap-icon
U+EA4E	Ó©é	ABIF	ABIF.svg	abif-icon
U+237A	‚ç∫	Acre	Acre.svg	acre-icon
U+E92E	Ó§Æ	ActionScript	ActionScript.svg	as-icon
U+E90B	Ó§ã	Ada	Ada.svg	ada-icon
U+1D235	ùàµ	Adobe	Adobe.svg	
U+EB5F	Ó≠ü	Adobe Acrobat	Adobe-Acrobat.svg	
U+E9F3	Óß≥	Adobe After Effects	Adobe-AfterEffects.svg	ae-icon
U+EB41	Ó≠Å	Adobe Animate	Adobe-Animate.svg	animate-icon
U+3373	„ç≥	Adobe Audition	Adobe-Audition.svg	
U+EB61	Ó≠°	Adobe Bridge	Adobe-Bridge.svg	
U+EB62	Ó≠¢	Adobe Character Animator	Adobe-CharacterAnimator.svg	
U+EB5E	Ó≠û	Adobe Creative Cloud	Adobe-CreativeCloud.svg	
U+EB63	Ó≠£	Adobe Dimension	Adobe-Dimension.svg	
U+EB64	Ó≠§	Adobe Dreamweaver	Adobe-Dreamweaver.svg	
U+EB43	Ó≠É	Adobe Flash	Adobe-Flash.svg	
U+EB65	Ó≠•	Adobe Fuse	Adobe-Fuse.svg	
U+E6B4	Óö¥	Adobe Illustrator	Adobe-Illustrator.svg	ai-icon
U+1F18B	üÜã	Adobe InCopy	Adobe-InCopy.svg	
U+E9F4	Óß¥	Adobe InDesign	Adobe-InDesign.svg	indesign-icon
U+EB67	Ó≠ß	Adobe Lightroom	Adobe-Lightroom.svg	
U+EB68	Ó≠®	Adobe Media Encoder	Adobe-MediaEncoder.svg	
U+E6B8	Óö∏	Adobe Photoshop	Adobe-Photoshop.svg	psd-icon
U+EB69	Ó≠©	Adobe Prelude	Adobe-Prelude.svg	
U+E9F5	Óßµ	Adobe Premiere	Adobe-Premiere.svg	premiere-icon
U+EB6A	Ó≠™	Adobe Premiere Rush	Adobe-PremiereRush.svg	
U+EB6B	Ó≠´	Adobe XD	Adobe-XD.svg	
U+00E6	√¶	Aeternity	Aeternity.svg	
U+EB2C	Ó¨¨	AffectScript	AffectScript.svg	affectscript-icon
U+EABB	Ó™ª	AffinityDesigner	AffinityDesigner.svg	affinity-icon
U+1315A	ìÖö	Agda	Agda.svg	agda-icon
U+EA0E	Ó®é	Akka	Akka.svg	
U+EB27	Ó¨ß	Alacritty	Alacritty.svg	alacritty-icon
U+EB28	Ó¨®	Alacritty, Alt	Alacritty-Alt.svg	alacritty-alt-icon
U+29CB	‚ßã	Alex	Alex.svg	alex-icon
U+E935	Ó§µ	Alloy	Alloy.svg	alloy-icon
U+E9FF	Óßø	Alpine Linux	Alpine-Linux.svg	alpine-icon
U+EB59	Ó≠ô	AMD	AMD.svg	
U+26BD	‚öΩ	AmigaOS	AmigaOS.svg	
U+E94E	Ó•é	AMPL	AMPL.svg	ampl-icon
U+EB32	Ó¨≤	AmuseWiki	AmuseWiki.svg	amusewiki-icon
U+EB7D	Ó≠Ω	Analytica	Analytica.svg	analytica-icon
U+EA5B	Ó©õ	AngelScript	AngelScript.svg	angelscript-icon
U+EAED	Ó´≠	AnimeStudio	AnimeStudio.svg	animestudio-icon
U+24B6	‚í∂	Ansible	Ansible.svg	ansible-icon
U+0061	a	Ansible, Alt	Ansible-Alt.svg	
U+E92C	Ó§¨	ANTLR	ANTLR.svg	antlr-icon
U+2591	‚ñë	Antwar	Antwar.svg	antwar-icon
U+EACF	Ó´è	AnyScript	AnyScript.svg	anyscript-icon
U+E93E	Ó§æ	Apache ANT	Apache-ANT.svg	ant-icon
U+E92D	Ó§≠	API Blueprint	API-Blueprint.svg	api-icon
U+EB99	ÓÆô	API Extractor	APIExtractor.svg	apiextractor-icon
U+234B	‚çã	APL	APL.svg	apl-icon
U+E909	Ó§â	APL, Old	APL-Old.svg	
U+1F110	üÑê	Apollo	Apollo.svg	apollo-icon
U+EB54	Ó≠î	Apollo Guidance Computer (AGC)	AGC.svg	
U+E925	Ó§•	Apple	Apple.svg	apple-icon
U+E923	Ó§£	Appveyor	Appveyor.svg	appveyor-icon
U+E92F	Ó§Ø	Arc	Arc.svg	arc-icon
U+0041	A	Arch Linux	Arch-Linux.svg	
U+E930	Ó§∞	Arduino	Arduino.svg	arduino-icon
U+EB5B	Ó≠õ	ARM	ARM.svg	
U+24D0	‚ìê	Art Text	ArtText.svg	arttext-icon
U+1D5EE	ùóÆ	Art Text 4	ArtText4.svg	arttext4-icon
U+E918	Ó§ò	AsciiDoc	AsciiDoc.svg	asciidoc-icon
U+EAC7	Ó´á	Asciidoctor	Asciidoctor.svg	asciidoctor-icon
U+EB53	Ó≠ì	Assembly, AGC	Assembly-AGC.svg	asm-agc-icon
U+EB52	Ó≠í	Assembly, AMD	Assembly-AMD.svg	
U+EB51	Ó≠ë	Assembly, ARM	Assembly-ARM.svg	asm-arm-icon
U+EB50	Ó≠ê	Assembly, AT&T	Assembly-ATT.svg	
U+EB6C	Ó≠¨	Assembly, AVR	Assembly-AVR.svg	asm-avr-icon
U+EB4F	Ó≠è	Assembly, Generic	Assembly-Generic.svg	asm-icon
U+EB60	Ó≠†	Assembly, Hitachi	Assembly-Hitachi.svg	asm-hitachi-icon
U+EB4E	Ó≠é	Assembly, Intel	Assembly-Intel.svg	asm-intel-icon
U+EB4D	Ó≠ç	Assembly, Motorola	Assembly-Motorola.svg	asm-m68k-icon
U+EB4C	Ó≠å	Assembly, PPC	Assembly-PowerPC.svg	
U+EB4B	Ó≠ã	Assembly, RISC-V	Assembly-RISCV.svg	
U+EB4A	Ó≠ä	Assembly, SPARC	Assembly-SPARC.svg	
U+EB48	Ó≠à	Assembly, VAX	Assembly-VAX.svg	asm-vax-icon
U+EB47	Ó≠á	Assembly, Zilog	Assembly-Zilog.svg	asm-zilog-icon
U+EAE5	Ó´•	Asymptote	Asymptote.svg	asymptote-icon
U+EAE3	Ó´£	Asymptote, Alt	Asymptote-Alt.svg	
U+2649	‚ôâ	Atoum	Atoum.svg	atoum-icon
U+E934	Ó§¥	ATS	ATS.svg	ats-icon
U+EB55	Ó≠ï	AT&T	ATT.svg	
U+E9F9	Óßπ	Audacity	Audacity.svg	audacity-icon
U+E931	Ó§±	Augeas	Augeas.svg	augeas-icon
U+EA48	Ó©à	Aurelia	Aurelia.svg	aurelia-icon
U+E932	Ó§≤	AutoHotkey	AutoHotkey.svg	ahk-icon
U+E933	Ó§≥	AutoIt	AutoIt.svg	autoit-icon
U+EBB4	ÓÆ¥	Automator	Automator.svg	automator-icon
U+EB6D	Ó≠≠	AVR	AVR.svg	
U+EAA3	Ó™£	Avro	Avro.svg	avro-icon
U+1F427	üêß	Awk	Awk.svg	awk-icon
U+1F680	üöÄ	Azure Pipelines	Azure-Pipelines.svg	azurepipelines-icon
U+E91F	Ó§ü	Babel	Babel.svg	babel-icon
U+EAC8	Ó´à	Ballerina	Ballerina.svg	ballerina-icon
U+EACD	Ó´ç	Bazaar	Bazaar.svg	bazaar-icon
U+EAD2	Ó´í	Bazel	Bazel.svg	bazel-icon
U+EA5A	Ó©ö	Bazel, Old	Bazel-Old.svg	
U+EA89	Ó™â	Behat	Behat.svg	behat-icon
U+EA59	Ó©ô	BEM	BEM.svg	bem-icon
U+E601	ÓòÅ	BibTeX	BibTeX.svg	bibtex-icon
U+1F6B2	üö≤	Bikeshed	Bikeshed.svg	bikeshed-icon
U+EB29	Ó¨©	Biml	Biml.svg	biml-icon
U+EBA4	ÓÆ§	Binder	Binder.svg	binder-icon
U+EA6E	Ó©Æ	BinTray	BinTray.svg	bintray-icon
U+1F402	üêÇ	Bison	Bison.svg	bison-icon
U+EA2A	Ó®™	bitHound	bitHound.svg	bithound-icon
U+E9FA	Óß∫	Blender	Blender.svg	blender-icon
U+EBA5	ÓÆ•	BlitzBASIC	BlitzBASIC.svg	blitzbasic-icon
U+EBA3	ÓÆ£	Bloc	Bloc.svg	bloc-icon
U+E93C	Ó§º	Bluespec	Bluespec.svg	bluespec-icon
U+2A74	‚©¥	BNF	BNF.svg	bnf-icon
U+E939	Ó§π	Boo	Boo.svg	boo-icon
U+1F441	üëÅ	Bors	Bors.svg	bors-icon
U+EB96	ÓÆñ	Bosque	Bosque.svg	bosque-icon
U+E93A	Ó§∫	Brainfuck	Brainfuck.svg	brain-icon
U+E9D6	Óßñ	Brakeman	Brakeman.svg	brakeman-icon
U+E93B	Ó§ª	Bro	Bro.svg	bro-icon
U+E922	Ó§¢	Broccoli	Broccoli.svg	broccoli-icon
U+EAA2	Ó™¢	Brotli	Brotli.svg	brotli-icon
U+EA6C	Ó©¨	Brotli, Old	Brotli-Old.svg	
U+EA80	Ó™Ä	Browserslist	Browserslist.svg	browserslist-icon
U+0062	b	Browsersync	Browsersync.svg	browsersync-icon
U+EA47	Ó©á	Brunch	Brunch.svg	brunch-icon
U+EA46	Ó©Ü	Buck	Buck.svg	buck-icon
U+F103	ÔÑÉ	Build Boot	Build-Boot.svg	boot-icon
U+EBAD	ÓÆ≠	Buildkite	Buildkite.svg	buildkite-icon
U+EA45	Ó©Ö	Bundler	Bundler.svg	bundler-icon
U+E962	Ó•¢	BYOND	BYOND.svg	byond-icon
U+EB7B	Ó≠ª	C#	C%23.svg	
U+EB7C	Ó≠º	C++	C++.svg	
U+E9E2	Óß¢	C# Script	C%23-Script.svg	csscript-icon
U+E9C2	ÓßÇ	Cabal	Cabal.svg	cabal-icon
U+1F512	üîí	Caddy	Caddy.svg	caddy-icon
U+EA58	Ó©ò	Caddy, Old	Caddy-Old.svg	
U+EA9A	Ó™ö	Caffe	Caffe.svg	caffe-icon
U+EAB6	Ó™∂	Caffe2	Caffe2.svg	caffe2-icon
U+EA92	Ó™í	Cairo	Cairo.svg	
U+E9E3	Óß£	Cake	Cake.svg	cake-icon
U+E924	Ó§§	Cakefile	Cakefile.svg	cakefile-icon
U+EA43	Ó©É	CakePHP	CakePHP.svg	cakephp-icon
U+E9D3	Óßì	CakePHP, Old	CakePHP-Old.svg	
U+EBA1	ÓÆ°	Calva	Calva.svg	calva-icon
U+EA98	Ó™ò	Carthage	Carthage.svg	carthage-icon
U+EBB6	ÓÆ∂	CASC	CASC.svg	casc-icon
U+E94F	Ó•è	Ceylon	Ceylon.svg	ceylon-icon
U+0063	c	Chai	Chai.svg	chai-icon
U+E950	Ó•ê	Chapel	Chapel.svg	chapel-icon
U+EA0B	Ó®ã	ChartJS	ChartJS.svg	chartjs-icon
U+1F406	üêÜ	Cheetah3D	Cheetah3D.svg	cheetah3d-icon
U+EA42	Ó©Ç	Chef	Chef.svg	chef-icon
U+1F36B	üç´	Chocolatey	Chocolatey.svg	chocolatey-icon
U+E943	Ó•É	ChucK	ChucK.svg	chuck-icon
U+EA12	Ó®í	CircleCI	CircleCI.svg	circleci-icon
U+E951	Ó•ë	Cirru	Cirru.svg	cirru-icon
U+EA0C	Ó®å	CKEditor	CKEditor.svg	
U+E952	Ó•í	Clarion	Clarion.svg	clarion-icon
U+E95B	Ó•õ	Clean	Clean.svg	clean-icon
U+E95C	Ó•ú	Click	Click.svg	click-icon
U+E940	Ó•Ä	CLIPS	CLIPS.svg	clips-icon
U+F104	ÔÑÑ	ClojureJS	ClojureJS.svg	cljs-icon
U+EA82	Ó™Ç	Closure Template	ClosureTemplate.svg	closure-tpl-icon
U+EAD0	Ó´ê	CloudFoundry	CloudFoundry.svg	cloudfoundry-icon
U+E93F	Ó§ø	Cmake	Cmake.svg	cmake-icon
U+EBB5	ÓÆµ	CNAB	CNAB.svg	cnab-icon
U+EA44	Ó©Ñ	COBOL	COBOL.svg	cobol-icon
U+EA97	Ó™ó	CocoaPods	CocoaPods.svg	cocoapods-icon
U+EA8B	Ó™ã	Codacy	Codacy.svg	codacy-icon
U+E9D5	Óßï	Code Climate	Code-Climate.svg	cc-icon
U+2602	‚òÇ	Codecov	Codecov.svg	codecov-icon
U+EA41	Ó©Å	CodeKit	CodeKit.svg	codekit-icon
U+EB8F	ÓÆè	CodeMeta	CodeMeta.svg	codemeta-icon
U+EA0D	Ó®ç	CodeMirror	CodeMirror.svg	
U+EA6A	Ó©™	CodeShip	CodeShip.svg	codeship-icon
U+E929	Ó§©	ColdFusion	ColdFusion.svg	cf-icon
U+EBB3	ÓÆ≥	Commitizen	Commitizen.svg	commitizen-icon
U+1F191	üÜë	CommitLint	CommitLint.svg	commitlint-icon
U+E972	Ó•≤	Common Lisp	Common-Lisp.svg	cl-icon
U+E942	Ó•Ç	Component Pascal	Component-Pascal.svg	cp-icon
U+E683	ÓöÉ	Composer	Composer.svg	composer-icon
U+EB46	Ó≠Ü	Computable Document Format	CDF.svg	cdf-icon
U+EAD1	Ó´ë	Conan	Conan.svg	conan-icon
U+EB3C	Ó¨º	Conda	Conda.svg	conda-icon
U+F07C	ÔÅº	Config	Config.svg	config-icon
U+EB18	Ó¨ò	Config, CoffeeScript	Config-CoffeeScript.svg	config-coffee-icon
U+EB12	Ó¨í	Config, Go	Config-Go.svg	config-go-icon
U+EB14	Ó¨î	Config, Haskell	Config-Haskell.svg	config-hs-icon
U+EB1A	Ó¨ö	Config, JS	Config-JS.svg	config-js-icon
U+EB19	Ó¨ô	Config, Perl	Config-Perl.svg	config-perl-icon
U+EB15	Ó¨ï	Config, Python	Config-Python.svg	config-python-icon
U+EB16	Ó¨ñ	Config, React	Config-React.svg	config-react-icon
U+EB17	Ó¨ó	Config, Ruby	Config-Ruby.svg	config-ruby-icon
U+EB13	Ó¨ì	Config, Rust	Config-Rust.svg	config-rust-icon
U+EB1B	Ó¨õ	Config, TypeScript	Config-TypeScript.svg	config-ts-icon
U+EAA6	Ó™¶	CoNLL	CoNLL.svg	conll-icon
U+E95F	Ó•ü	Coq	Coq.svg	coq-icon
U+EA11	Ó®ë	Cordova	Cordova.svg	cordova-icon
U+EA90	Ó™ê	CorelDRAW	CorelDRAW.svg	coreldraw-icon
U+EA91	Ó™ë	CorelDRAW, Alt	CorelDRAW-Alt.svg	corel-icon
U+272A	‚ú™	Coveralls	Coveralls.svg	coveralls-icon
U+EA87	Ó™á	CPAN	CPAN.svg	cpan-icon
U+EB8D	ÓÆç	CpcdosC+	CpcdosC+.svg	cpcdosc-icon
U+EB89	ÓÆâ	Craft Tweaker	CraftTweaker.svg	crafttweaker-icon
U+E95E	Ó•û	Creole	Creole.svg	creole-icon
U+EAD3	Ó´ì	Crowdin	Crowdin.svg	crowdin-icon
U+E902	Ó§Ç	Crystal	Crystal.svg	crystal-icon
U+E9F0	Óß∞	CSound	CSound.svg	csound-icon
U+EB92	ÓÆí	Cubit	Cubit.svg	cubit-icon
U+F02B	ÔÄ´	Cucumber	Cucumber.svg	cucumber-icon
U+EB76	Ó≠∂	Cuneiform	Cuneiform.svg	cuneiform-icon
U+EB7A	Ó≠∫	Curl (language)	Curl-Lang.svg	
U+002F	/	cURL (program)	cURL.svg	curl-icon
U+EB78	Ó≠∏	Curry	Curry.svg	curry-icon
U+1F41F	üêü	CVS	CVS.svg	cvs-icon
U+29D9	‚ßô	CWL	CWL.svg	cwl-icon
U+E963	Ó•£	Cython	Cython.svg	cython-icon
U+EA10	Ó®ê	D3	D3.svg	d3-icon
U+EB8C	ÓÆå	Dafny	Dafny.svg	dafny-icon
U+E964	Ó•§	Darcs	Darcs-Patch.svg	darcs-icon
U+F07D	ÔÅΩ	Dashboard	Dashboard.svg	dashboard-icon
U+EA99	Ó™ô	DataWeave	DataWeave.svg	dataweave-icon
U+E9F1	Óß±	dBASE	dBASE.svg	dbase-icon
U+1F5CC	üóå	Default	Default.svg	default-icon
U+EA40	Ó©Ä	Delphi	Delphi.svg	delphi-icon
U+EAEF	Ó´Ø	Deno	Deno.svg	deno-icon
U+EB3E	Ó¨æ	Dependabot	Dependabot.svg	dependabot-icon
U+EB83	ÓÆÉ	DevContainer	DevContainer.svg	devcontainer-icon
U+EA57	Ó©ó	DeviceTree	DeviceTree.svg	devicetree-icon
U+1F58B	üñã	Dhall	Dhall.svg	dhall-icon
U+EAB5	Ó™µ	Dia	Dia.svg	dia-icon
U+E960	Ó•†	Diff	Diff.svg	diff-icon
U+EB03	Ó¨É	Digdag	Digdag.svg	digdag-icon
U+2624	‚ò§	DNA	DNA.svg	dna-icon
U+13167	ìÖß	DocBook	DocBook.svg	docbook-icon
U+F106	ÔÑÜ	Dockerfile	Docker.svg	docker-icon
U+EA3F	Ó®ø	Doclets	Doclets.svg	doclets-icon
U+21B9	‚Üπ	DocPad	DocPad.svg	docpad-icon
U+EB21	Ó¨°	Docz	Docz.svg	
U+E946	Ó•Ü	Dogescript	Dogescript.svg	doge-icon
U+EA71	Ó©±	DOM	DOM.svg	
U+1F3C1	üèÅ	DoneJS	DoneJS.svg	
U+EAF2	Ó´≤	DOSBox	DOSBox.svg	dosbox-icon
U+EAF0	Ó´∞	DOSBox, Alt	DOSBox-Alt.svg	
U+EBB8	ÓÆ∏	dotenv	dotenv.svg	dotenv-icon
U+EB0B	Ó¨ã	doT.js	dotjs.svg	dotjs-icon
U+E928	Ó§®	Doxygen	Doxygen.svg	doxygen-icon
U+EAFD	Ó´Ω	DragonflyBSD	DragonflyBSD.svg	
U+1F44C	üëå	Dragula	Dragula.svg	dragula-icon
U+EB93	ÓÆì	draw.io	draw.io.svg	drawio-icon
U+EA3D	Ó®Ω	Drone	Drone.svg	drone-icon
U+EBA2	ÓÆ¢	DUB	DUB.svg	dub-icon
U+EB98	ÓÆò	DVC	DVC.svg	dvc-icon
U+E90C	Ó§å	Dyalog	Dyalog.svg	dyalog-icon
U+EA15	Ó®ï	DyLib	DyLib.svg	dylib-icon
U+0045	E	E	E.svg	e-icon
U+E965	Ó••	Eagle	Eagle.svg	eagle-icon
U+EA85	Ó™Ö	EasyBuild	EasyBuild.svg	easybuild-icon
U+E9C9	Óßâ	eC	eC.svg	ec-icon
U+E966	Ó•¶	Ecere	Ecere.svg	ecere-icon
U+EB80	ÓÆÄ	ECLiPSe (language)	ECLiPSe-Lang.svg	eclipse-lang-icon
U+EA78	Ó©∏	Edge	Edge.svg	edge-icon
U+EA1B	Ó®õ	EditorConfig	EditorConfig.svg	editorconfig-icon
U+E967	Ó•ß	Eiffel	Eiffel.svg	eiffel-icon
U+EA4B	Ó©ã	EJS	EJS.svg	ejs-icon
U+EA27	Ó®ß	Electron	Electron.svg	electron-icon
U+24D4	‚ìî	ElementaryOS	ElementaryOS.svg	
U+F102	ÔÑÇ	Elm	Elm.svg	elm-icon
U+E926	Ó§¶	Emacs	Emacs.svg	emacs-icon
U+E61B	Óòõ	Ember	Ember.svg	ember-icon
U+E968	Ó•®	EmberScript	EmberScript.svg	em-icon
U+EAD4	Ó´î	Ensime	Ensime.svg	ensime-icon
U+EA0A	Ó®ä	EQ	EQ.svg	eq-icon
U+EA5C	Ó©ú	ESDoc	ESDoc.svg	esdoc-icon
U+EA0F	Ó®è	ESLint	ESLint.svg	eslint-icon
U+E90E	Ó§é	ESLint, Old	ESLint-Old.svg	
U+EB71	Ó≠±	Expo	Expo.svg	expo-icon
U+E94B	Ó•ã	Fabfile	Fabfile.svg	fabfile-icon
U+1F4DC	üìú	Fabric	Fabric.svg	fabric-icon
U+E96A	Ó•™	Factor	Factor.svg	factor-icon
U+EAE4	Ó´§	Falcon	Falcon.svg	falcon-icon
U+E96B	Ó•´	Fancy	Fancy.svg	fancy-icon
U+E96F	Ó•Ø	Fantom	Fantom.svg	fantom-icon
U+13168	ìÖ®	Fauna	Fauna.svg	fauna-icon
U+22C0	‚ãÄ	Faust	Faust.svg	faust-icon
U+E9FC	Óßº	FBX	FBX.svg	fbx-icon
U+EB20	Ó¨†	Fexl	Fexl.svg	fexl-icon
U+EA22	Ó®¢	FFmpeg	FFmpeg.svg	
U+24BB	‚íª	Fiddle	Fiddle.svg	fiddle-icon
U+EBBA	ÓÆ∫	Figma	Figma.svg	figma-icon
U+1D4BB	ùíª	Final Draft	FinalDraft.svg	finaldraft-icon
U+E9E9	Óß©	Finder	Finder.svg	finder-icon
U+EA7F	Ó©ø	Firebase	Firebase.svg	firebase-icon
U+26A1	‚ö°	Firebase Bolt	Firebase-Bolt.svg	firebase-bolt-icon
U+1F704	üúÑ	Flask	Flask.svg	flask-icon
U+EAD5	Ó´ï	Floobits	Floobits.svg	floobits-icon
U+E921	Ó§°	Flow	Flow.svg	flow-icon
U+EAEB	Ó´´	Flutter	Flutter.svg	flutter-icon
U+E969	Ó•©	Flux	Flux.svg	flux-icon
U+E90F	Ó§è	Font	Font.svg	
U+EAAB	Ó™´	Font, Bitmap	Font-Bitmap.svg	font-bitmap-icon
U+EAAA	Ó™™	Font, Outline	Font-Outline.svg	font-icon
U+FB00	Ô¨Ä	FontForge	FontForge.svg	ff-icon
U+2933	‚§≥	For the Record	ForTheRecord.svg	ftr-icon
U+2442	‚ëÇ	Fork	Fork.svg	fork-icon
U+E90A	Ó§ä	Fortran	Fortran.svg	fortran-icon
U+EAC3	Ó´É	FOSSA	FOSSA.svg	fossa-icon
U+EAD6	Ó´ñ	Fossil	Fossil.svg	fossil-icon
U+1F135	üÑµ	Fountain	Fountain.svg	fountain-icon
U+EA56	Ó©ñ	Franca	Franca.svg	franca-icon
U+EB07	Ó¨á	FreeDesktop	FreeDesktop.svg	
U+EAF1	Ó´±	FreeDOS	FreeDOS.svg	
U+E970	Ó•∞	FreeMarker	FreeMarker.svg	freemarker-icon
U+EB7F	Ó≠ø	FreeMat	FreeMat.svg	
U+E96E	Ó•Æ	Frege	Frege.svg	frege-icon
U+EB97	ÓÆó	ftHTML	ftHTML.svg	fthtml-icon
U+EA09	Ó®â	FuelUX	FuelUX.svg	fuelux-icon
U+EAD7	Ó´ó	FuseBox	FuseBox.svg	fusebox-icon
U+EB77	Ó≠∑	Futhark	Futhark.svg	futhark-icon
U+EB74	Ó≠¥	Galaxy	Galaxy.svg	galaxy-icon
U+EAD8	Ó´ò	Galen	Galen.svg	galen-icon
U+E975	Ó•µ	GameMaker	GameMaker.svg	gml-icon
U+E973	Ó•≥	GAMS	GAMS.svg	gams-icon
U+E971	Ó•±	GAP	GAP.svg	gap-icon
U+24BC	‚íº	Gatsby	Gatsby.svg	gatsby-icon
U+EB7E	Ó≠æ	GAUSS	GAUSS.svg	gauss-icon
U+EA08	Ó®à	GDB	GDB.svg	gdb-icon
U+E976	Ó•∂	Genshi	Genshi.svg	genshi-icon
U+223F	‚àø	GenStat	GenStat.svg	genstat-icon
U+E96D	Ó•≠	Gentoo	Gentoo.svg	gentoo-icon
U+EA8F	Ó™è	Ghostscript	Ghostscript.svg	
U+EA88	Ó™à	GIMP	GIMP.svg	gimp-icon
U+EA3C	Ó®º	GitLab	GitLab.svg	gitlab-icon
U+1D5A6	ùñ¶	Gitpod	Gitpod.svg	gitpod-icon
U+E938	Ó§∏	Glade	Glade.svg	glade-icon
U+EACB	Ó´ã	Glide	Glide.svg	glide-icon
U+EAA7	Ó™ß	glTF	glTF.svg	gltf-icon
U+0047	G	Glyphs	Glyphs.svg	glyphs-icon
U+EA25	Ó®•	GN	GN.svg	gn-icon
U+E679	Óôπ	GNU	GNU.svg	gnu-icon
U+1F4C8	üìà	Gnuplot	Gnuplot.svg	gnuplot-icon
U+EAAE	Ó™Æ	Go	Go.svg	go-icon
U+E624	Óò§	Go, Old	Go-Old.svg	
U+E974	Ó•¥	Godot	Godot.svg	godot-icon
U+E979	Ó•π	Golo	Golo.svg	golo-icon
U+EB90	ÓÆê	GoReleaser	GoReleaser.svg	goreleaser-icon
U+E97A	Ó•∫	Gosu	Gosu.svg	gosu-icon
U+E903	Ó§É	Gradle	Gradle.svg	gradle-icon
U+E978	Ó•∏	Grammatical Framework	GF.svg	gf-icon
U+1F4C9	üìâ	Grapher	Grapher.svg	grapher-icon
U+EA8A	Ó™ä	Graphite	Graphite.svg	graphite-icon
U+E97C	Ó•º	GraphQL	GraphQL.svg	graphql-icon
U+EBAE	ÓÆÆ	GraphQL Code Generator	GraphQL-CodeGenerator.svg	gql-codegen-icon
U+E97D	Ó•Ω	GraphViz	GraphViz.svg	graphviz-icon
U+EB02	Ó¨Ç	Gravit Designer	Gravit-Designer.svg	gvdesign-icon
U+EB0C	Ó¨å	Greenkeeper	Greenkeeper.svg	greenkeeper-icon
U+EAE7	Ó´ß	Gridsome	Gridsome.svg	gridsome-icon
U+E904	Ó§Ñ	Groovy	Groovy.svg	groovy-icon
U+E611	Óòë	Grunt	Grunt.svg	grunt-icon
U+E610	Óòê	Gulp	Gulp.svg	gulp-icon
U+E9CE	Óßé	Hack	Hack.svg	hack-icon
U+F15B	ÔÖõ	Haml	Haml.svg	haml-icon
U+E97B	Ó•ª	Harbour	Harbour.svg	harbour-icon
U+E97E	Ó•æ	HashiCorp	HashiCorp.svg	hashicorp-icon
U+EBAB	ÓÆ´	Haskell IDE Engine	HIE.svg	hie-icon
U+E907	Ó§á	Haxe	Haxe.svg	haxe-icon
U+EA3B	Ó®ª	HaxeDevelop	HaxeDevelop.svg	haxedevelop-icon
U+2695	‚öï	Helix	Helix.svg	helix-icon
U+33CB	„èã	Hewlett-Packard	HewlettPackard.svg	hp-icon
U+EB66	Ó≠¶	Hitachi	Hitachi.svg	
U+EAC2	Ó´Ç	HJSON	HJSON.svg	hjson-icon
U+1F37A	üç∫	Homebrew	Homebrew.svg	brew-icon
U+1F998	ü¶ò	Hop	Hop.svg	
U+EA4D	Ó©ç	Hoplon	Hoplon.svg	hoplon-icon
U+1F300	üåÄ	Houdini	Houdini.svg	houdini-icon
U+EAAF	Ó™Ø	HoundCI	HoundCI.svg	houndci-icon
U+24BD	‚íΩ	Hugo	Hugo.svg	
U+1F436	üê∂	Husky	Husky.svg	husky-icon
U+E97F	Ó•ø	Hy	Hy.svg	hy-icon
U+1F4C3	üìÉ	Hygen	Hygen.svg	hygen-icon
U+EB37	Ó¨∑	Hyper	Hyper.svg	hyper-icon
U+EAEA	Ó´™	IcoMoon	IcoMoon.svg	icomoon-icon
U+EA23	Ó®£	ICU	ICU.svg	
U+E947	Ó•á	IDL	IDL.svg	idl-icon
U+E983	Ó¶É	Idris	Idris.svg	idris-icon
U+E980	Ó¶Ä	IGOR Pro	IGOR-Pro.svg	igorpro-icon
U+EAF4	Ó´¥	illumos	illumos.svg	
U+F012	ÔÄí	Image	Image.svg	
U+26FF	‚õø	Imba	Imba.svg	imba-icon
U+EAE9	Ó´©	Imba, Alt	Imba-Alt.svg	
U+1F4A0	üí†	Imba, Old	Imba-Old.svg	
U+EBBF	ÓÆø	Imgbot	Imgbot.svg	imgbot-icon
U+EB1F	Ó¨ü	InfluxData	InfluxData.svg	
U+E984	Ó¶Ñ	Inform 7	Inform7.svg	inform7-icon
U+EACE	Ó´é	Ink	Ink.svg	ink-icon
U+EA8E	Ó™é	Inkscape	Inkscape.svg	inkscape-icon
U+E985	Ó¶Ö	Inno Setup	InnoSetup.svg	inno-icon
U+EB5A	Ó≠ö	Intel	Intel.svg	
U+E981	Ó¶Å	Io	Io.svg	io-icon
U+E982	Ó¶Ç	Ioke	Ioke.svg	ioke-icon
U+F14B	ÔÖã	Ionic Project	Ionic-Project.svg	ionic-icon
U+E945	Ó•Ö	Isabelle	Isabelle.svg	isabelle-icon
U+1F54C	üïå	Istanbul	Istanbul.svg	istanbul-icon
U+E937	Ó§∑	J	J.svg	j-icon
U+E90D	Ó§ç	Jade	Jade.svg	jade-icon
U+E948	Ó•à	Jake	Jakefile.svg	jake-icon
U+EB2A	Ó¨™	Janet	Janet.svg	janet-icon
U+EA3A	Ó®∫	Jasmine	Jasmine.svg	jasmine-icon
U+E667	Óôß	Jenkins	Jenkins.svg	jenkins-icon
U+EA39	Ó®π	Jest	Jest.svg	jest-icon
U+E944	Ó•Ñ	Jinja	Jinja.svg	jinja-icon
U+EA55	Ó©ï	Jison	Jison.svg	jison-icon
U+EA75	Ó©µ	Jolie	Jolie.svg	jolie-icon
U+EB95	ÓÆï	jscpd	jscpd.svg	jscpd-icon
U+EABE	Ó™æ	JSON-1	JSON-1.svg	json-icon
U+EABD	Ó™Ω	JSON-2	JSON-2.svg	
U+2478	‚ë∏	JSON5	JSON5.svg	json5-icon
U+E958	Ó•ò	JSON-LD	JSON-LD1.svg	jsonld-icon
U+E959	Ó•ô	JSON-LD2	JSON-LD2.svg	sparql-icon
U+EB1E	Ó¨û	Jsonnet	Jsonnet.svg	jsonnet-icon
U+E9E6	Óß¶	JSX	JSX.svg	jsx-icon
U+F101	ÔÑÅ	JSX, Alt	JSX-Alt.svg	
U+F100	ÔÑÄ	JSX, Atom	JSX-Atom.svg	react-icon
U+26EC	‚õ¨	Julia	Julia.svg	julia-icon
U+EA81	Ó™Å	Junos	Junos.svg	junos-icon
U+E987	Ó¶á	Jupyter	Jupyter.svg	jupyter-icon
U+30AB	„Ç´	Kaitai	Kaitai.svg	kaitai-icon
U+E9CD	Óßç	Karma	Karma.svg	karma-icon
U+EAF8	Ó´∏	Keybase	Keybase.svg	keybase-icon
U+E9E5	Óß•	Keynote	Keynote.svg	keynote-icon
U+E9F8	Óß∏	Khronos	Khronos.svg	khronos-icon
U+EBA9	ÓÆ©	Kibo	Kibo.svg	kibo-icon
U+EA4C	Ó©å	KiCad	KiCad.svg	kicad-icon
U+EA38	Ó®∏	KitchenCI	KitchenCI.svg	kitchenci-icon
U+E901	Ó§Å	Kivy	Kivy.svg	kivy-icon
U+EB75	Ó≠µ	KNIME	KNIME.svg	
U+004B	K	Knockout	Knockout.svg	knockout-icon
U+006B	k	kOS	kOS.svg	kos-icon
U+E989	Ó¶â	Kotlin	Kotlin.svg	kotlin-icon
U+E988	Ó¶à	KRL	KRL.svg	krl-icon
U+2388	‚éà	Kubernetes	Kubernetes.svg	kubernetes-icon
U+EB9A	ÓÆö	Kusto	Kusto.svg	kusto-icon
U+EB9B	ÓÆõ	Kusto, Alt	Kusto-Alt.svg	
U+EA9B	Ó™õ	Kx	Kx.svg	kx-icon
U+E98A	Ó¶ä	LabVIEW	LabVIEW.svg	labview-icon
U+E63F	Óòø	Laravel	Laravel.svg	laravel-icon
U+1316B	ìÖ´	Lark	Lark.svg	lark-icon
U+E98C	Ó¶å	Lasso	Lasso.svg	lasso-icon
U+1F426	üê¶	Latino	Latino.svg	latino-icon
U+EA07	Ó®á	Leaflet	Leaflet.svg	leaflet-icon
U+004C	L	Lean	Lean.svg	lean-icon
U+EB8B	ÓÆã	Lefthook	Lefthook.svg	lefthook-icon
U+1F44A	üëä	Lefthook, Alt	Lefthook-Alt.svg	
U+F105	ÔÑÖ	Leiningen	Leiningen.svg	lein-icon
U+EAB9	Ó™π	Lektor	Lektor.svg	lektor-icon
U+EA37	Ó®∑	Lerna	Lerna.svg	lerna-icon
U+101EF	êáØ	Lex	Lex.svg	lex-icon
U+1316A	ìÖ™	Lex, Alt	Lex-Alt.svg	
U+E94C	Ó•å	LFE	LFE.svg	lfe-icon
U+1F435	üêµ	LGTM	LGTM.svg	lgtm-icon
U+EA21	Ó®°	libuv	libuv.svg	
U+26EF	‚õØ	Lighthouse	Lighthouse.svg	lighthouse-icon
U+E9FB	Óßª	LightWave	LightWave.svg	lightwave-icon
U+1F4AE	üíÆ	LilyPond	LilyPond.svg	lilypond-icon
U+EA36	Ó®∂	Lime	Lime.svg	lime-icon
U+1D6CC	ùõå	LINQPad	LINQPad.svg	linqpad-icon
U+E908	Ó§à	Lisp	Lisp.svg	lisp-icon
U+E914	Ó§î	LiveScript	LiveScript.svg	ls-icon
U+E91D	Ó§ù	LLVM	LLVM.svg	llvm-icon
U+E98D	Ó¶ç	Logtalk	Logtalk.svg	logtalk-icon
U+1F63A	üò∫	LOLCODE	LOLCODE.svg	lolcode-icon
U+E98E	Ó¶é	LookML	LookML.svg	lookml-icon
U+E98B	Ó¶ã	LSL	LSL.svg	lsl-icon
U+E91B	Ó§õ	Lua	Lua.svg	lua-icon
U+2644	‚ôÑ	Macaulay2	Macaulay2.svg	macaulay2-icon
U+EB23	Ó¨£	MacVim	MacVim.svg	
U+EB05	Ó¨Ö	Magit	Magit.svg	
U+E98F	Ó¶è	Mako	Mako.svg	mako-icon
U+EB06	Ó¨Ü	Manjaro	Manjaro.svg	
U+E936	Ó§∂	Manpage	Manpage.svg	manpage-icon
U+E941	Ó•Å	Mapbox	Mapbox.svg	mapbox-icon
U+F0C9	ÔÉâ	MarkdownLint	MarkdownLint.svg	markdownlint-icon
U+E920	Ó§†	Marko	Marko.svg	marko-icon
U+E990	Ó¶ê	Mathematica	Mathematica.svg	mathematica-icon
U+EA06	Ó®Ü	MathJax	MathJax.svg	mathjax-icon
U+E991	Ó¶ë	MATLAB	MATLAB.svg	matlab-icon
U+2668	‚ô®	Matroska	Matroska.svg	matroska-icon
U+E993	Ó¶ì	Max	Max.svg	max-icon
U+E9F6	Óß∂	Maya	Maya.svg	maya-icon
U+EAB7	Ó™∑	MDX	MDX.svg	mdx-icon
U+E954	Ó•î	MediaWiki	MediaWiki.svg	mediawiki-icon
U+33AB	„é´	MELPA	MELPA.svg	melpa-icon
U+263F	‚òø	Mercurial	Mercurial.svg	hg-icon
U+E994	Ó¶î	Mercury	Mercury.svg	mercury-icon
U+EB84	ÓÆÑ	Mermaid	Mermaid.svg	mermaid-icon
U+EAFE	Ó´æ	Meson	Meson.svg	
U+EA54	Ó©î	Meson, Old	Meson-Old.svg	meson-icon
U+004D	M	Metal	Metal.svg	metal-icon
U+1D5AC	ùñ¨	MetaPost	MetaPost.svg	metapost-icon
U+E6A5	Óö•	Meteor	Meteor.svg	meteor-icon
U+E9EA	Óß™	Microsoft Access	Microsoft-Access.svg	access-icon
U+E9EE	ÓßÆ	Microsoft Excel	Microsoft-Excel.svg	excel-icon
U+EA35	Ó®µ	Microsoft InfoPath	Microsoft-InfoPath.svg	infopath-icon
U+EAD9	Ó´ô	Microsoft Lync	Microsoft-Lync.svg	lync-icon
U+E9EB	Óß´	Microsoft OneNote	Microsoft-OneNote.svg	onenote-icon
U+EADA	Ó´ö	Microsoft Outlook	Microsoft-Outlook.svg	outlook-icon
U+E9EC	Óß¨	Microsoft PowerPoint	Microsoft-PowerPoint.svg	powerpoint-icon
U+EAE8	Ó´®	Microsoft Project	Microsoft-Project.svg	msproject-icon
U+EADD	Ó´ù	Microsoft Publisher	Microsoft-Publisher.svg	publisher-icon
U+EA83	Ó™É	Microsoft Visio	Microsoft-Visio.svg	visio-icon
U+E9ED	Óß≠	Microsoft Word	Microsoft-Word.svg	word-icon
U+E9DC	Óßú	Minecraft	Minecraft.svg	minecraft-icon
U+EA53	Ó©ì	MiniZinc	MiniZinc.svg	minizinc-icon
U+1F33F	üåø	Mint	Mint.svg	mint-icon
U+E995	Ó¶ï	Mirah	Mirah.svg	mirah-icon
U+EA52	Ó©í	Miranda	Miranda.svg	miranda-icon
U+EB3A	Ó¨∫	mIRC	mIRC.svg	mirc-icon
U+EBB9	ÓÆπ	Mixin	Mixin.svg	mixin-icon
U+EA6F	Ó©Ø	MJML	MJML.svg	mjml-icon
U+26FE	‚õæ	Mocha	Mocha.svg	mocha-icon
U+EAFF	Ó´ø	Modelica	Modelica.svg	modelica-icon
U+EB9F	ÓÆü	Modern Web	ModernWeb.svg	modernweb-icon
U+F01F	ÔÄü	Modo	Modo.svg	modo-icon
U+E996	Ó¶ñ	Modula 2	Modula-2.svg	modula2-icon
U+2778	‚ù∏	Modula-3	Modula-3.svg	modula3-icon
U+EAEE	Ó´Æ	Moho	Moho.svg	moho-icon
U+EB0E	Ó¨é	Moleculer	Moleculer.svg	moleculer-icon
U+1F558	üïò	Moment	Moment.svg	moment-icon
U+1F30D	üåç	Moment Timezone	Moment-Timezone.svg	moment-tz-icon
U+E997	Ó¶ó	Monkey	Monkey.svg	monkey-icon
U+1F5FF	üóø	Mono	Mono.svg	
U+1F400	üêÄ	Monotone	Monotone.svg	monotone-icon
U+24C2	‚ìÇ	Motorola	Motorola.svg	
U+E60F	Óòè	Moustache	Moustache.svg	mustache-icon
U+EA18	Ó®ò	Mruby	Mruby.svg	mruby-icon
U+EAFA	Ó´∫	MS-DOS	MS-DOS.svg	
U+E9CA	Óßä	MuPAD	MuPAD.svg	mupad-icon
U+EA76	Ó©∂	Nano	Nano.svg	nano-icon
U+EA51	Ó©ë	Nanoc	Nanoc.svg	nanoc-icon
U+E9E1	Óß°	NAnt	NAnt.svg	nant-icon
U+EA72	Ó©≤	NASM	NASM.svg	nasm-icon
U+EAB4	Ó™¥	NDepend	NDepend.svg	ndepend-icon
U+EA05	Ó®Ö	Neko	Neko.svg	neko-icon
U+1F985	ü¶Ö	Nemerle	Nemerle.svg	
U+EAB3	Ó™≥	Neo4J	Neo4J.svg	neo4j-icon
U+EB8E	ÓÆé	NEON	NEON.svg	neon-icon
U+23E3	‚è£	Nessus	Nessus.svg	nessus-icon
U+EAC9	Ó´â	NestJS	NestJS.svg	nestjs-icon
U+EABF	Ó™ø	Netlify	Netlify.svg	netlify-icon
U+E99B	Ó¶õ	NetLinx	NetLinx.svg	amx-icon
U+E99C	Ó¶ú	NetLogo	NetLogo.svg	netlogo-icon
U+E9D7	Óßó	New Relic	New-Relic.svg	newrelic-icon
U+EAA5	Ó™•	Nextflow	Nextflow.svg	nextflow-icon
U+24C3	‚ìÉ	NextJS	NextJS.svg	nextjs-icon
U+F146B	Û±ë´	nginx	nginx.svg	nginx-icon
U+EBB2	ÓÆ≤	NgRx	NgRx.svg	ngrx-icon
U+2712	‚úí	Nib	Nib.svg	nib-icon
U+00A2	¬¢	Nickle	Nickle.svg	nickle-icon
U+EB08	Ó¨à	Nightwatch	Nightwatch.svg	nightwatch-icon
U+EB85	ÓÆÖ	Nimble	Nimble.svg	nimble-icon
U+E998	Ó¶ò	Nimrod	Nimrod.svg	nimrod-icon
U+006E	n	Nintendo 64	Nintendo64.svg	n64-icon
U+E999	Ó¶ô	Nit	Nit.svg	nit-icon
U+E99A	Ó¶ö	Nix	Nix.svg	nix-icon
U+E94D	Ó•ç	Nmap	Nmap.svg	nmap-icon
U+EA26	Ó®¶	Nodemon	Nodemon.svg	nodemon-icon
U+92F8	Èã∏	Nokogiri	Nokogiri.svg	nokogiri-icon
U+EA96	Ó™ñ	Nomad	Nomad.svg	nomad-icon
U+EB33	Ó¨≥	Noon	Noon.svg	noon-icon
U+EA04	Ó®Ñ	Normalize	Normalise.svg	normalize-icon
U+E91C	Ó§ú	NPM	NPM.svg	npm-icon
U+F17B	ÔÖª	NPM, Old	NPM-Old.svg	
U+EA1E	Ó®û	NSIS	NSIS.svg	nsis-icon
U+E992	Ó¶í	NSIS, Old	NSIS-Old.svg	
U+EB2F	Ó¨Ø	NSRI	NSRI.svg	nsri-icon
U+EB2B	Ó¨´	NSRI, Alt	NSRI-Alt.svg	nsri-alt-icon
U+EA34	Ó®¥	Nuclide	Nuclide.svg	nuclide-icon
U+E9D9	Óßô	NuGet	NuGet.svg	nuget-icon
U+EBA8	ÓÆ®	NumPy	NumPy.svg	numpy-icon
U+E99D	Ó¶ù	NumPy, Old	NumPy-Old.svg	
U+E953	Ó•ì	Nunjucks	Nunjucks.svg	nunjucks-icon
U+EACA	Ó´ä	Nuxt	Nuxt.svg	nuxt-icon
U+E95D	Ó•ù	NVIDIA	NVIDIA.svg	nvidia-icon
U+23FF	‚èø	NWScript	NWScript.svg	nwscript-icon
U+EB9C	ÓÆú	Nx	Nx.svg	nx-icon
U+EA6B	Ó©´	NXC	NXC.svg	nxc-icon
U+EB3F	Ó¨ø	Oberon	Oberon.svg	oberon-icon
U+E99E	Ó¶û	Objective-J	Objective-J.svg	objj-icon
U+E91A	Ó§ö	OCaml	OCaml.svg	ocaml-icon
U+EA33	Ó®≥	Octave	Octave.svg	octave-icon
U+EB36	Ó¨∂	Odin	Odin.svg	odin-icon
U+EBAA	ÓÆ™	Ogone	Ogone.svg	ogone-icon
U+EBAF	ÓÆØ	OmniGraffle	OmniGraffle.svg	omnigraffle-icon
U+E9CB	Óßã	OOC	OOC.svg	ooc-icon
U+2601	‚òÅ	Opa	Opa.svg	opa-icon
U+EB39	Ó¨π	Open Policy Agent	OpenPolicyAgent.svg	openpolicy-icon
U+EB0A	Ó¨ä	OpenAPI	OpenAPI.svg	
U+1F421	üê°	OpenBSD	OpenBSD.svg	openbsd-icon
U+1F420	üê†	OpenBSD, Alt	OpenBSD-Alt.svg	
U+E99F	Ó¶ü	OpenCL	OpenCL.svg	opencl-icon
U+EA8D	Ó™ç	OpenCV	OpenCV.svg	
U+1F127	üÑß	OpenEXR	OpenEXR.svg	openexr-icon
U+EA7A	Ó©∫	OpenGL	OpenGL.svg	opengl-icon
U+01A3	∆£	OpenIndiana	OpenIndiana.svg	
U+E9E4	Óß§	OpenOffice	OpenOffice.svg	openoffice-icon
U+E911	Ó§ë	OpensCAD	OpensCAD.svg	scad-icon
U+EAF5	Ó´µ	OpenSolaris	OpenSolaris.svg	
U+EB6F	Ó≠Ø	OpenStack	OpenStack.svg	
U+EAC6	Ó´Ü	OpenVMS	OpenVMS.svg	openvms-icon
U+EAF3	Ó´≥	OpenVPN	OpenVPN.svg	openvpn-icon
U+1D419	ùêô	OpenZFS	OpenZFS.svg	openzfs-icon
U+E917	Ó§ó	Org-mode	Org-Mode.svg	org-icon
U+EAF6	Ó´∂	OS2	OS2.svg	
U+E957	Ó•ó	OWL	OWL.svg	owl-icon
U+E9A1	Ó¶°	Ox	Ox.svg	ox-icon
U+E9BF	Ó¶ø	Oxygene	Oxygene.svg	oxygene-icon
U+E9BE	Ó¶æ	Oz	Oz.svg	oz-icon
U+EA50	Ó©ê	P4	P4.svg	p4-icon
U+E9BD	Ó¶Ω	Pan	Pan.svg	pan-icon
U+E9BC	Ó¶º	Papyrus	Papyrus.svg	papyrus-icon
U+E9BB	Ó¶ª	Parrot	Parrot.svg	parrot-icon
U+E92A	Ó§™	Pascal	Pascal.svg	pascal-icon
U+E961	Ó•°	Patch	Patch.svg	patch-icon
U+EB42	Ó≠Ç	Patreon	Patreon.svg	patreon-icon
U+265F	‚ôü	PAWN	PAWN.svg	pawn-icon
U+26C5	‚õÖ	PCD	PCD.svg	pcd-icon
U+EA74	Ó©¥	PegJS	PegJS.svg	peg-icon
U+E96C	Ó•¨	Perl6	Perl6.svg	perl6-icon
U+E94A	Ó•ä	Phalcon	Phalcon.svg	phalcon-icon
U+EA5F	Ó©ü	Phoenix	Phoenix.svg	phoenix-icon
U+EBC0	ÓØÄ	PhotoRec	PhotoRec.svg	photorec-icon
U+F147	ÔÖá	PHP	PHP.svg	php-icon
U+EA32	Ó®≤	PHPUnit	PHPUnit.svg	phpunit-icon
U+EADB	Ó´õ	PhraseApp	PhraseApp.svg	phraseapp-icon
U+E9C4	ÓßÑ	Pickle	Pickle.svg	pickle-icon
U+EABC	Ó™º	PICO-8	PICO-8.svg	pico8-icon
U+EB25	Ó¨•	PicoLisp	PicoLisp.svg	picolisp-icon
U+E9B9	Ó¶π	Pike	Pike.svg	pike-icon
U+EB30	Ó¨∞	PineScript	PineScript.svg	pinescript-icon
U+1F381	üéÅ	Pipenv	Pipenv.svg	pipenv-icon
U+EAF9	Ó´π	pkgsrc	pkgsrc.svg	
U+EA2C	Ó®¨	PlatformIO	PlatformIO.svg	platformio-icon
U+2630	‚ò∞	PM2	PM2.svg	pm2-icon
U+EB86	ÓÆÜ	PNPM	PNPM.svg	pnpm-icon
U+EA84	Ó™Ñ	Pod	Pod.svg	pod-icon
U+E9B8	Ó¶∏	PogoScript	PogoScript.svg	pogo-icon
U+E977	Ó•∑	PointWise	PointWise.svg	pointwise-icon
U+EA2B	Ó®´	Polymer	Polymer.svg	polymer-icon
U+E9B7	Ó¶∑	Pony	Pony.svg	pony-icon
U+E910	Ó§ê	PostCSS	PostCSS.svg	postcss-icon
U+E955	Ó•ï	PostScript	PostScript.svg	postscript-icon
U+0050	P	POV-Ray	POV-Ray.svg	povray-icon
U+EA14	Ó®î	PowerBuilder	PowerBuilder.svg	powerbuilder-icon
U+EB58	Ó≠ò	PowerPC	PowerPC.svg	
U+E9DA	Óßö	PowerShell	PowerShell.svg	powershell-icon
U+2295	‚äï	Precision	Precision.svg	
U+EAC1	Ó´Å	Precommit	Precommit.svg	precommit-icon
U+EAA1	Ó™°	Prettier	Prettier.svg	prettier-icon
U+EAC5	Ó´Ö	Prisma	Prisma.svg	prisma-icon
U+E9A0	Ó¶†	Processing	Processing.svg	processing-icon
U+EADC	Ó´ú	Progress	Progress.svg	progress-icon
U+E9C0	ÓßÄ	Progress, Old	Progress-Old.svg	
U+E9B5	Ó¶µ	Propeller	Propeller.svg	propeller-icon
U+EAAD	Ó™≠	PROS	PROS.svg	pros-icon
U+EA6D	Ó©≠	Proselint	Proselint.svg	proselint-icon
U+E9DE	Óßû	Protractor	Protractor.svg	protractor-icon
U+EA13	Ó®ì	Pug	Pug.svg	pug-icon
U+E9D0	Óßê	Pug, Alt	Pug-Old.svg	pug-alt-icon
U+293E	‚§æ	PullApprove	PullApprove.svg	pullapprove-icon
U+F0C3	ÔÉÉ	Puppet	Puppet.svg	puppet-icon
U+1F4A7	üíß	Pure	Pure.svg	pure-icon
U+01B5	∆µ	PureBasic	PureBasic.svg	purebasic-icon
U+E9B2	Ó¶≤	PureScript	PureScript.svg	purescript-icon
U+EA94	Ó™î	PyPi	PyPi.svg	pypi-icon
U+2620	‚ò†	Pyret	Pyret.svg	pyret-icon
U+EBA6	ÓÆ¶	pytest	pytest.svg	pytest-icon
U+EB26	Ó¨¶	PyUp	PyUp.svg	pyup-icon
U+EB91	ÓÆë	Q#	Q#.svg	qsharp-icon
U+EB81	ÓÆÅ	Qiskit	Qiskit.svg	qiskit-icon
U+1F50D	üîç	QlikView	QlikView.svg	qlik-icon
U+EB00	Ó¨Ä	QT	QT.svg	qt-icon
U+EACC	Ó´å	Quasar	Quasar.svg	quasar-icon
U+E905	Ó§Ö	R	R.svg	r-icon
U+EB49	Ó≠â	R database	RData.svg	rdata-icon
U+E9B1	Ó¶±	Racket	Racket.svg	racket-icon
U+E913	Ó§ì	RAML	RAML.svg	raml-icon
U+EA24	Ó®§	Rascal	Rascal.svg	rascal-icon
U+0052	R	Razzle	Razzle.svg	razzle-icon
U+E9B0	Ó¶∞	RDoc	RDoc.svg	rdoc-icon
U+EAF7	Ó´∑	ReactOS	ReactOS.svg	
U+2398	‚éò	Read the Docs	ReadTheDocs.svg	readthedocs-icon
U+E9AF	Ó¶Ø	REALbasic	REALbasic.svg	xojo-icon
U+EA1D	Ó®ù	Reason	Reason.svg	reason-icon
U+EB44	Ó≠Ñ	Reason Studios	ReasonStudios.svg	reasonstudios-icon
U+EB45	Ó≠Ö	Reason Studios, Alt	ReasonStudios-Alt.svg	
U+E9AE	Ó¶Æ	Rebol	Rebol.svg	rebol-icon
U+EAEC	Ó´¨	Red	Red.svg	red-icon
U+E9AD	Ó¶≠	Red, Old	Red-Old.svg	
U+EA30	Ó®∞	Redux	Redux.svg	redux-icon
U+EAA0	Ó™†	Reek	Reek.svg	reek-icon
U+002A	*	RegEx	RegEx.svg	regex-icon
U+EB1D	Ó¨ù	Remark	Remark.svg	remark-icon
U+EB2D	Ó¨≠	Renovate	Renovate.svg	renovate-icon
U+EBA7	ÓÆß	ReScript	ReScript.svg	rescript-icon
U+EBB0	ÓÆ∞	restQL	restQL.svg	restql-icon
U+E9CC	Óßå	reStructuredText	reStructuredText.svg	rst-icon
U+EA16	Ó®ñ	Rexx	Rexx.svg	rexx-icon
U+EA4A	Ó©ä	Rhino3D	Rhino3D.svg	rhino-icon
U+1F48D	üíç	Ring	Ring.svg	ring-icon
U+EB2E	Ó¨Æ	Riot	Riot.svg	riot-icon
U+E919	Ó§ô	Riot, Old	Riot-Old.svg	
U+EB5D	Ó≠ù	RISC-V	RISC-V.svg	
U+211B	‚Ñõ	Rmarkdown	Rmarkdown.svg	rmarkdown-icon
U+EB0D	Ó¨ç	Robot	RobotFramework.svg	robot-icon
U+E9AC	Ó¶¨	Robot, Old	RobotFramework-Old.svg	
U+1F916	ü§ñ	Robots	Robots.svg	robots-icon
U+EA20	Ó®†	Rollup	Rollup.svg	rollup-icon
U+E9FD	ÓßΩ	Rollup, Old	Rollup-Old.svg	
U+EA31	Ó®±	RSpec	RSpec.svg	rspec-icon
U+24C7	‚ìá	RStudio	RStudio.svg	rstudio-icon
U+EB9E	ÓÆû	rsync	rsync.svg	rsync-icon
U+EADE	Ó´û	Rubocop	Rubocop.svg	rubocop-icon
U+1F48E	üíé	RubyGems	RubyGems.svg	rubygems-icon
U+203C	‚Äº	SAC	SAC.svg	sac-icon
U+E9AB	Ó¶´	Sage	Sage.svg	sage-icon
U+EB87	ÓÆá	Sails	Sails.svg	sails-icon
U+E915	Ó§ï	SaltStack	SaltStack.svg	saltstack-icon
U+EAE6	Ó´¶	San	San.svg	san-icon
U+EBB1	ÓÆ±	Sandbox	Sandbox.svg	sandbox-icon
U+E95A	Ó•ö	SAS	SAS.svg	sas-icon
U+E9D2	Óßí	SBT	SBT.svg	sbt-icon
U+03BB	Œª	Scheme	Scheme.svg	scheme-icon
U+E9A9	Ó¶©	Scilab	Scilab.svg	scilab-icon
U+EAE2	Ó´¢	Scilla	Scilla.svg	scilla-icon
U+00A7	¬ß	Scratch	Scratch.svg	scratch-icon
U+E9D4	Óßî	Scrutinizer	Scrutinizer.svg	scrutinizer-icon
U+E9A8	Ó¶®	Self	Self.svg	self-icon
U+1F7CD	üüç	Semantic Release	SemanticRelease.svg	semrelease-icon
U+EB1C	Ó¨ú	Sentry	Sentry.svg	sentry-icon
U+EA2F	Ó®Ø	Sequelize	Sequelize.svg	sequelize-icon
U+EAB8	Ó™∏	Serverless	Serverless.svg	serverless-icon
U+E9DB	Óßõ	Service Fabric	Service-Fabric.svg	sf-icon
U+EB88	ÓÆà	Shadow CLJS	ShadowCLJS.svg	shadowcljs-icon
U+1F41A	üêö	ShellCheck	ShellCheck.svg	shellcheck-icon
U+E9A7	Ó¶ß	Shen	Shen.svg	shen-icon
U+26F5	‚õµ	Shipit	Shipit.svg	shipit-icon
U+EA2D	Ó®≠	Shippable	Shippable.svg	shippable-icon
U+E9CF	Óßè	Shopify	Shopify.svg	shopify-icon
U+272B	‚ú´	Shuriken	Shuriken.svg	shuriken-icon
U+1F764	üù§	Sigils	Sigils.svg	sigils-icon
U+2318	‚åò	SiliconGraphics	SiliconGraphics.svg	sgi-icon
U+E800	Ó†Ä	SilverStripe	SilverStripe.svg	silverstripe-icon
U+EA03	Ó®É	Sinatra	Sinatra.svg	
U+E927	Ó§ß	Sketch	Sketch.svg	sketch-icon
U+EA7C	Ó©º	SketchUp LayOut	SketchUp-LayOut.svg	sketchup-lo-icon
U+EA7E	Ó©æ	SketchUp Make	SketchUp-Make.svg	sketchup-mk-icon
U+EA7D	Ó©Ω	SketchUp Style Builder	SketchUp-StyleBuilder.svg	sketchup-sb-icon
U+E9A6	Ó¶¶	Slash	Slash.svg	slash-icon
U+EAFC	Ó´º	SmartOS	SmartOS.svg	
U+EAFB	Ó´ª	SmartOS, Alt	SmartOS-Alt.svg	
U+EB09	Ó¨â	Snapcraft	Snapcraft.svg	snapcraft-icon
U+1F43D	üêΩ	Snort	Snort.svg	snort-icon
U+1F3D4	üèî	Snowpack	Snowpack.svg	snowpack-icon
U+EA1C	Ó®ú	Snyk	Snyk.svg	snyk-icon
U+1D5E6	ùó¶	Solidarity	Solidarity.svg	solidarity-icon
U+EA86	Ó™Ü	Solidity	Solidity.svg	solidity-icon
U+EB72	Ó≠≤	Sophia	Sophia.svg	sophia-icon
U+1F366	üç¶	Sorbet	Sorbet.svg	sorbet-icon
U+EB82	ÓÆÇ	Source	Source.svg	source-icon
U+EAA4	Ó™§	Spacemacs	Spacemacs.svg	spacemacs-icon
U+29CF	‚ßè	Spacengine	Spacengine.svg	spacengine-icon
U+EB57	Ó≠ó	SPARC	SPARC.svg	
U+EA02	Ó®Ç	Spray	Spray.svg	
U+E9A5	Ó¶•	SQF	SQF.svg	sqf-icon
U+E9DD	Óßù	SQLite	SQLite.svg	sqlite-icon
U+EA5E	Ó©û	Squarespace	SquareSpace.svg	squarespace-icon
U+E9A4	Ó¶§	Stan	Stan.svg	stan-icon
U+E9A3	Ó¶£	Stata	Stata.svg	stata-icon
U+EB70	Ó≠∞	StdlibJS	StdlibJS.svg	stdlibjs-icon
U+EA95	Ó™ï	Stencil	Stencil.svg	stencil-icon
U+EBA0	ÓÆ†	Stitches	Stitches.svg	stitches-icon
U+EADF	Ó´ü	Storybook	Storybook.svg	storybook-icon
U+E9EF	ÓßØ	Storyist	Storyist.svg	storyist-icon
U+E9E0	Óß†	Strings	Strings.svg	strings-icon
U+EAE0	Ó´†	Stylable	Stylable.svg	stylable-icon
U+1F485	üíÖ	StyledComponents	StyledComponents.svg	nailpolish-icon
U+E93D	Ó§Ω	Stylelint	Stylelint.svg	stylelint-icon
U+EB3D	Ó¨Ω	Stylish Haskell	StylishHaskell.svg	stylishhaskell-icon
U+0073	s	Stylus	Stylus-S.svg	stylus-icon
U+E9F7	Óß∑	Stylus, Full	Stylus.svg	
U+0053	S	Stylus, Orb	Stylus-Orb.svg	
U+E986	Ó¶Ü	Sublime	Sublime.svg	sublime-icon
U+E9A2	Ó¶¢	SuperCollider	SuperCollider.svg	scd-icon
U+33DC	„èú	Svelte	Svelte.svg	svelte-icon
U+EA17	Ó®ó	SVN	SVN.svg	svn-icon
U+EA29	Ó®©	Swagger	Swagger.svg	swagger-icon
U+E9C3	ÓßÉ	SystemVerilog	SystemVerilog.svg	sysverilog-icon
U+F015	ÔÄï	Tag	Tag.svg	tag-icon
U+301C	„Äú	Tailwind	Tailwind.svg	tailwind-icon
U+E956	Ó•ñ	Tcl	Tcl.svg	tcl-icon
U+2708	‚úà	Telegram	Telegram.svg	telegram-icon
U+0054	T	Template Toolkit	TemplateToolkit.svg	tt-icon
U+2696	‚öñ	TempleOS	TempleOS.svg	templeos-icon
U+F0C8	ÔÉà	Terminal	Terminal.svg	terminal-icon
U+1F54A	üïä	Tern	Tern.svg	tern-icon
U+E916	Ó§ñ	Terraform	Terraform.svg	terraform-icon
U+272C	‚ú¨	Terser	Terser.svg	terser-icon
U+EA62	Ó©¢	Test, CoffeeScript	Test-CoffeeScript.svg	test-coffee-icon
U+EA60	Ó©†	Test, Directory	Test-Directory.svg	test-dir-icon
U+EA63	Ó©£	Test, Generic	Test-Generic.svg	test-generic-icon
U+EB0F	Ó¨è	Test, Go	Test-Go.svg	test-go-icon
U+EB10	Ó¨ê	Test, Haskell	Test-Haskell.svg	test-hs-icon
U+EA64	Ó©§	Test, JS	Test-JS.svg	test-js-icon
U+EA65	Ó©•	Test, Perl	Test-Perl.svg	test-perl-icon
U+EA66	Ó©¶	Test, Python	Test-Python.svg	test-python-icon
U+EA67	Ó©ß	Test, React	Test-React.svg	test-react-icon
U+EA68	Ó©®	Test, Ruby	Test-Ruby.svg	test-ruby-icon
U+EB11	Ó¨ë	Test, Rust	Test-Rust.svg	test-rust-icon
U+EA69	Ó©©	Test, TypeScript	Test-TypeScript.svg	test-ts-icon
U+2714	‚úî	TestCafe	TestCafe.svg	testcafe-icon
U+E600	ÓòÄ	Tex	LaTeX.svg	tex-icon
U+0074	t	Textile	Textile.svg	textile-icon
U+2122	‚Ñ¢	TextMate	TextMate.svg	textmate-icon
U+EAE1	Ó´°	TFS	TFS.svg	tfs-icon
U+E9D8	Óßò	Thor	Thor.svg	thor-icon
U+EB8A	ÓÆä	Tilt	Tilt.svg	tilt-icon
U+EA01	Ó®Å	TinyMCE	TinyMCE.svg	
U+EAA9	Ó™©	Tipe	Tipe.svg	tipe-icon
U+EAB2	Ó™≤	TLA+	TLA+.svg	tla-icon
U+EA8C	Ó™å	tmux	tmux.svg	tmux-icon
U+1F143	üÖÉ	TOML	TOML.svg	toml-icon
U+EA93	Ó™ì	TortoiseSVN	TortoiseSVN.svg	tortoise-icon
U+EB34	Ó¨¥	TOTVS	TOTVS.svg	totvs-icon
U+EB3B	Ó¨ª	Truffle	Truffle.svg	truffle-icon
U+E9E7	Óßß	TSX	TSX.svg	tsx-icon
U+E9D1	Óßë	TSX, Alt	TSX-Alt.svg	
U+2476	‚ë∂	TTCN-3	TTCN-3.svg	ttcn3-icon
U+E9B6	Ó¶∂	Turing	Turing.svg	turing-icon
U+2E19	‚∏ô	Twig	Twig.svg	twig-icon
U+EA5D	Ó©ù	Twine	Twine.svg	twine-icon
U+E9C1	ÓßÅ	TXL	TXL.svg	txl-icon
U+E9FE	Óßæ	TypeDoc	TypeDoc.svg	typedoc-icon
U+02A6	 ¶	TypeScript	TypeScript.svg	ts-icon
U+E912	Ó§í	TypeScript, Alt	TypeScript-Alt.svg	
U+E9DF	Óßü	Typings	Typings.svg	typings-icon
U+1F144	üÖÑ	UFO	UFO.svg	ufo-icon
U+EAC4	Ó´Ñ	Unibeautify	Unibeautify.svg	unbeautify-icon
U+EB6E	Ó≠Æ	Unicode	Unicode.svg	unicode-icon
U+E9B3	Ó¶≥	UNO	UNO.svg	uno-icon
U+0075	u	UnrealScript	UnrealScript.svg	unreal-icon
U+E9BA	Ó¶∫	UrWeb	UrWeb.svg	urweb-icon
U+0076	v	V	V.svg	v-icon
U+EA1F	Ó®ü	V8	V8.svg	v8-icon
U+EAAC	Ó™¨	V8, Turbofan	V8-Turbofan.svg	v8-turbofan-icon
U+0056	V	Vagrant	Vagrant.svg	vagrant-icon
U+1D4B1	ùí±	Vala	Vala.svg	vala-icon
U+EB5C	Ó≠ú	VAX	VAX.svg	
U+E9B4	Ó¶¥	VCL	VCL.svg	varnish-icon
U+2B94	‚Æî	Velocity	Velocity.svg	velocity-icon
U+E949	Ó•â	Verilog	Verilog.svg	verilog-icon
U+EA79	Ó©π	VertexShader	VertexShader.svg	vertex-icon
U+E9AA	Ó¶™	VHDL	VHDL.svg	vhdl-icon
U+F057	ÔÅó	Video	Video.svg	video-icon
U+EA3E	Ó®æ	VirtualBox	VirtualBox.svg	virtualbox-icon
U+EA2E	Ó®Æ	VirtualBox, Alt	VirtualBox-Alt.svg	
U+2607	‚òá	Vite	Vite.svg	vite-icon
U+EA49	Ó©â	VMware	VMware.svg	vmware-icon
U+24CB	‚ìã	V-Ray	V-Ray.svg	vray-icon
U+EB22	Ó¨¢	VSCode	VSCode.svg	
U+EAC0	Ó´Ä	VSTS	VSTS.svg	vsts-icon
U+E906	Ó§Ü	Vue	Vue.svg	vue-icon
U+EB31	Ó¨±	Vyper	Vyper.svg	vyper-icon
U+EBAC	ÓÆ¨	W3C	W3C.svg	w3c-icon
U+231F	‚åü	Wallaby	Wallaby.svg	wallaby-icon
U+EABA	Ó™∫	Walt	Walt.svg	walt-icon
U+2162	‚Ö¢	Warcraft III	Warcraft-III.svg	warcraft3-icon
U+EB40	Ó≠Ä	WASI	WASI.svg	
U+EA4F	Ó©è	Watchman	Watchman.svg	watchman-icon
U+EAB1	Ó™±	WDL	WDL.svg	wdl-icon
U+EA70	Ó©∞	WebAssembly	WebAssembly.svg	wasm-icon
U+EA7B	Ó©ª	WebGL	WebGL.svg	webgl-icon
U+EB35	Ó¨µ	Webhint	Webhint.svg	webhint-icon
U+EA61	Ó©°	Webpack	Webpack.svg	webpack-icon
U+E91E	Ó§û	Webpack, Old	Webpack-Old.svg	
U+EB24	Ó¨§	WebVTT	WebVTT.svg	webvtt-icon
U+8A00	Ë®Ä	Wenyan	Wenyan.svg	wenyan-icon
U+EA19	Ó®ô	Wercker	Wercker.svg	wercker-icon
U+EB38	Ó¨∏	Wget	Wget.svg	wget-icon
U+1F4A8	üí®	Windi CSS	Windi.svg	windi-icon
U+1F377	üç∑	Wine	Wine.svg	wine-icon
U+EBB7	ÓÆ∑	WinUI	WinUI.svg	winui-icon
U+EAB0	Ó™∞	WiX	WiX.svg	wix-icon
U+1F43A	üê∫	Wolfram	Wolfram.svg	wolfram-icon
U+EAA8	Ó™®	Workbox	Workbox.svg	workbox-icon
U+1F32D	üå≠	Wurst	Wurst.svg	wurst-icon
U+2169	‚Ö©	X10	X10.svg	x10-icon
U+EA77	Ó©∑	Xamarin	Xamarin.svg	xamarin-icon
U+EB94	ÓÆî	xmake	xmake.svg	xmake-icon
U+0058	X	XMOS	XMOS.svg	xmos-icon
U+E9C5	ÓßÖ	XPages	XPages.svg	xpages-icon
U+E9C6	ÓßÜ	Xtend	Xtend.svg	xtend-icon
U+EB04	Ó¨Ñ	Xubuntu	Xubuntu.svg	
U+0079	y	YAML	YAML.svg	yaml-icon
U+0059	Y	YAML, Alt 1	YAML-Alt1.svg	
U+EA9E	Ó™û	YAML, Alt 2	YAML-Alt2.svg	
U+EA9D	Ó™ù	YAML, Alt 3	YAML-Alt3.svg	
U+EA9C	Ó™ú	YAML, Alt 4	YAML-Alt4.svg	
U+EB9D	ÓÆù	YAMLLint	YAMLLint.svg	yamllint-icon
U+042F	–Ø	Yandex	Yandex.svg	yandex-icon
U+262F	‚òØ	YANG	YANG.svg	yang-icon
U+EA9F	Ó™ü	YARA	YARA.svg	yara-icon
U+EA1A	Ó®ö	Yarn	Yarn.svg	yarn-icon
U+EA73	Ó©≥	Yasm	Yasm.svg	
U+1F480	üíÄ	Yorick	Yorick.svg	yorick-icon
U+EA00	Ó®Ä	YUI	YUI.svg	yui-icon
U+E9F2	Óß≤	ZBrush	ZBrush.svg	zbrush-icon
U+25B2	‚ñ≤	Zeit	Zeit.svg	zeit-icon
U+E9C7	Óßá	Zephir	Zephir.svg	zephir-icon
U+007A	z	Zig	Zig.svg	zig-icon
U+EB56	Ó≠ñ	Zilog	Zilog.svg	
U+E9C8	Óßà	Zimpl	Zimpl.svg	zimpl-icon
U+EB01	Ó¨Å	ZorinOS	ZorinOS.svg	
U+01B6	∆∂	Zork	Zork.svg	zork-icon
